Liste des clients,Liste des adresses ,List des noms complets
716,Lac2,716 Lac2
716,CUN,716 CUN
716,Menzah6,716 Menzah6
A Table ,Lac1,A Table  Lac1
A Table ,Marsa,A Table  Marsa
AF Collection ,Soukra,AF Collection  Soukra
AFA Centre ,Menzah4,AFA Centre  Menzah4
Affaire A Suivre,Marsa,Affaire A Suivre Marsa
Agence de voyage Ciryne Tours,CUN,Agence de voyage Ciryne Tours CUN
Alia Megdiche ,Lac2,Alia Megdiche  Lac2
Alia Megdiche ,Sfax,Alia Megdiche  Sfax
Ambiance D'Autrefois ,Sousse,Ambiance D'Autrefois  Sousse
Ami Voyage ,Lafayette,Ami Voyage  Lafayette
Angelo ,Menzah5,Angelo  Menzah5
Arco Cerame ,Sfax,Arco Cerame  Sfax
Arena Gym,El Manar,Arena Gym El Manar
Arena Gym ,Soukra,Arena Gym  Soukra
Arezzo Italia Mobili ,Soukra,Arezzo Italia Mobili  Soukra
Armani Mall ,Lac2,Armani Mall  Lac2
Armatis,Ghazela,Armatis Ghazela
Armatis,Lac1,Armatis Lac1
ARS Ariana,Ariana,ARS Ariana Ariana
ARS Tunisie Ariana,Ariana,ARS Tunisie Ariana Ariana
Art de la table ,,Art de la table  
Arthephage ,Lac1,Arthephage  Lac1
Artige ,Lac1,Artige  Lac1
Asteel Flash,Soukra,Asteel Flash Soukra
AVS Aeroport,,AVS Aeroport 
Azalée,Soukra,Azalée Soukra
Bank Zitouna,Lac2,Bank Zitouna Lac2
Barista's ,Aouina,Barista's  Aouina
Barista's ,Ariana,Barista's  Ariana
Barista's ,Bardo,Barista's  Bardo
Barista's ,Berges du Lac,Barista's  Berges du Lac
Barista's ,Carthage Dermech,Barista's  Carthage Dermech
Barista's ,CUN,Barista's  CUN
Barista's ,Jardin Carthage,Barista's  Jardin Carthage
Barista's ,Sousse,Barista's  Sousse
Barista's ,Lac1,Barista's  Lac1
Basma,Ben Arous,Basma Ben Arous
Baya Deco ,Marsa,Baya Deco  Marsa
Be Babel ,Marsa,Be Babel  Marsa
Beauty Shop,Ennasr,Beauty Shop Ennasr
Beauty Shop,Lac2,Beauty Shop Lac2
Beppi ,Manar City,Beppi  Manar City
Bernardo ,Soukra,Bernardo  Soukra
Bolzano ,Soukra,Bolzano  Soukra
Boudrant Admin ,Tunis,Boudrant Admin  Tunis
Boumiza Square ,Sousse,Boumiza Square  Sousse
Boutique ETIKETTE ,Hammamet,Boutique ETIKETTE  Hammamet
Boutique LARA ,Menzah7,Boutique LARA  Menzah7
Brain Corner ,Manar1,Brain Corner  Manar1
Business Hotel ,Tunis,Business Hotel  Tunis
Buy Luxe ,Menzah5,Buy Luxe  Menzah5
Cabinet Dr. Haifa Chebbi,Bardo,Cabinet Dr. Haifa Chebbi Bardo
Cabinet Mme Dachraoui Anissa,Lac1,
Cafe Bey ,Hammem Lif,Cafe Bey  Hammem Lif
Cafe Bisou ,Boumhal,Cafe Bisou  Boumhal
Cafe Le Parisien ,Boumhal,
Cafe Numa,Menzah5,Cafe Numa Menzah5
"Cafe Yucca 
",Jardin d'EL Menzah,"Cafe Yucca 
 Jardin d'EL Menzah"
CalaTA_page_124_04,,CalaTA_page_124_04 
Camomile ,Gremda,Camomile  Gremda
Camomile ,Soukra,Camomile  Soukra
Carlton Hotel ,Tunis,Carlton Hotel  Tunis
Carré Douceur ,Lac1,Carré Douceur  Lac1
CDC ,Montplaisir,CDC  Montplaisir
Centrale Tunisie ,Lac1,Centrale Tunisie  Lac1
Centre Boulbar,Riadh Landalous,
Centre Livraison VW ,Kram,Centre Livraison VW  Kram
Centre Mahassen ,Sfax,Centre Mahassen  Sfax
Centre Maram ,Ezzahra,Centre Maram  Ezzahra
Centre Wahiba ,Sousse,Centre Wahiba  Sousse
Century 21 ,Ain Zaghouen Nord,Century 21  Ain Zaghouen Nord
Century 21 ,CUN,Century 21  CUN
Century 21 ,Lac2,Century 21  Lac2
Century 21 ,Soukra,Century 21  Soukra
Ceram ,Mnihla,Ceram  Mnihla
Ceram Garden ,GP9,Ceram Garden  GP9
Ceram Home ,GP9,Ceram Home  GP9
Ceram Square ,GP9,Ceram Square  GP9
Ceru ,Place Pasteur,Ceru  Place Pasteur
Chattel ,Soukra,Chattel  Soukra
City Desk ,Soukra,City Desk  Soukra
City Loft ,Soukra,City Loft  Soukra
Clevory ,Charguia,Clevory  Charguia
Clinique Alyssa ,Lac1,Clinique Alyssa  Lac1
Clinique Dial,Sousse,Clinique Dial Sousse
Clinique Ibn Kholdoun,Sousse,Clinique Ibn Kholdoun Sousse
Clinique Kaynos,Lac2,Clinique Kaynos Lac2
Club NA ,Gammarth,Club NA  Gammarth
Coin Beaute & SPA ,Menzah5,Coin Beaute & SPA  Menzah5
Comptoir d'Optique ,Sousse,Comptoir d'Optique  Sousse
Comptoir Hammemi ,Mnihla,Comptoir Hammemi  Mnihla
Concorde ,Lac1,Concorde  Lac1
Convalescence ,Gammarth,Convalescence  Gammarth
Convergen Agency ,Lac3,Convergen Agency  Lac3
Corail ,Lac2,Corail  Lac2
Cuisine d'or ,Soukra,Cuisine d'or  Soukra
Cupra ,GP9,Cupra  GP9
Da Pietro ,Jardin d'El Menzah,Da Pietro  Jardin d'El Menzah
Dar Marsa ,Marsa,Dar Marsa  Marsa
Dar Said ,Sidi Bou Said,Dar Said  Sidi Bou Said
Dar Zarrouk ,Sidi Bou Said,Dar Zarrouk  Sidi Bou Said
Darcom,Jardins Carthage,Darcom Jardins Carthage
Darty,Marsa,Darty Marsa
Diamelle ,Lac1,Diamelle  Lac1
Diesel Mall ,Lac2,Diesel Mall  Lac2
Distry Cars,Sfax,Distry Cars Sfax
Dorra Architecte ,Marsa,Dorra Architecte  Marsa
Dr Adel Soukni ,Marsa,Dr Adel Soukni  Marsa
Dr Ellouze ,Menzah6,Dr Ellouze  Menzah6
Dr Fares ,Lac2,Dr Fares  Lac2
Dr Fodha ,Lac2,Dr Fodha  Lac2
Dr Hamdi Golf ,Gammarth,Dr Hamdi Golf  Gammarth
Dr Lobna Khaldi ,Ariana,Dr Lobna Khaldi  Ariana
Dr Marwa Ben Amor,Bhar Lazrag,Dr Marwa Ben Amor Bhar Lazrag
Dr Molka Sallemi ,Jardin Carthage,Dr Molka Sallemi  Jardin Carthage
Dr Omar Maghroum ,Bizerte,Dr Omar Maghroum  Bizerte
Dr Salem ,CUN,Dr Salem  CUN
Dr Salem ,Ain Zaghouen,Dr Salem  Ain Zaghouen
Dr Skander Ben Gueder,Sousse,Dr Skander Ben Gueder Sousse
Dr Slim Kassar ,Berges du Lac,Dr Slim Kassar  Berges du Lac
Dr Soussi ,Ain Zaghouen Nord,Dr Soussi  Ain Zaghouen Nord
Ecole Gautier ,Sousse,Ecole Gautier  Sousse
Edward's ,Foire Kram,Edward's  Foire Kram
Edward's ,Sfax Kayed Mohamed,Edward's  Sfax Kayed Mohamed
Edward's ,Soukra,Edward's  Soukra
El Mnara ,Sidi Bou Said,El Mnara  Sidi Bou Said
Energy Car ,Menzah6,Energy Car  Menzah6
Enzo ,Ennasr,Enzo  Ennasr
Enzo ,Menzah5,Enzo  Menzah5
Enzo ,Menzah6,Enzo  Menzah6
Enzo ,Menzah8,Enzo  Menzah8
Enzo Mila ,Manar City,Enzo Mila  Manar City
Epsilon ,Ain Zaghouen,Epsilon  Ain Zaghouen
Equipement Concept ,Soukra,Equipement Concept  Soukra
Fial ,Alain Savary,Fial  Alain Savary
"Finopti TN 
",Charguia,"Finopti TN 
 Charguia"
Floralies ,Lac3,Floralies  Lac3
Floralies ,Marsa,Floralies  Marsa
Floralies ,Soukra,Floralies  Soukra
Fnac,Marsa,Fnac Marsa
Focus ,Marsa,Focus  Marsa
Forest ,Tunis,Forest  Tunis
Frikha Concept (Edward's) ,Soukra,Frikha Concept (Edward's)  Soukra
Future Generation ,Aouina,Future Generation  Aouina
Galata ,Menzah9,Galata  Menzah9
Game Production ,GP9,Game Production  GP9
GAT ,Soukra,GAT  Soukra
Geliamo,Marsa,Geliamo Marsa
Geox ,Carrefour Marsa,Geox  Carrefour Marsa
Geox ,Geant,Geox  Geant
Geox ,Millenium  Marsa,Geox  Millenium  Marsa
Gerard Darel ,Lac1,Gerard Darel  Lac1
Gerard Darel ,Lac1,Gerard Darel  Lac1
Global Studies ,Lac2,Global Studies  Lac2
Glow Co ,Boumhal,Glow Co  Boumhal
Glow Spa,Menzah5,Glow Spa Menzah5
Groupe Mokni ,Megrine,Groupe Mokni  Megrine
Guzel by Emna Fakher,Jardins Carthage,
Halo Clinique ,Menzah9,Halo Clinique  Menzah9
Hamdi Workshop  ,Ennasr,Hamdi Workshop   Ennasr
Heni ,Menzah8,Heni  Menzah8
Heni ,Bizerte,Heni  Bizerte
Heni ,Soukra,Heni  Soukra
Heni ,Marsa,Heni  Marsa
Heni ,Geant,Heni  Geant
Hertz,Charguia,Hertz Charguia
HG Ykone ,Lac1,HG Ykone  Lac1
Hotel Corail,Lac2,Hotel Corail Lac2
Hotel Diar El Andalous ,Sousse,Hotel Diar El Andalous  Sousse
Hotel Kantaoui,"Kantaoui, Sousse","Hotel Kantaoui Kantaoui, Sousse"
Hotel Kuriat ,Monastir,Hotel Kuriat  Monastir
Hotel Majestic,Tunis,Hotel Majestic Tunis
"House of eve 
",Ain Zaghouen,"House of eve 
 Ain Zaghouen"
ID & Partners ,Millenium Marsa,ID & Partners  Millenium Marsa
Imen ABBES,,Imen ABBES 
Indigo,Charguia1,Indigo Charguia1
Innov8 ,Ariana,Innov8  Ariana
Innova Power ,Megrine,Innova Power  Megrine
ITDev ,Lac3,ITDev  Lac3
Jazz Tour ,Sousse,Jazz Tour  Sousse
JC ,Bardo,JC  Bardo
JC ,GP9,JC  GP9
JC ,Menzah5,JC  Menzah5
JL Invest ,Lac2,JL Invest  Lac2
Jouaillerie Fakhfakh ,Lac1,Jouaillerie Fakhfakh  Lac1
Jouda ,Lac2,Jouda  Lac2
Kantaoui Bey ,Sousse,Kantaoui Bey  Sousse
Khalaf Tours ,Lafayette,Khalaf Tours  Lafayette
Khaled Lagha ,Hammamet,Khaled Lagha  Hammamet
"Kort linge de maison 
",Soukra,"Kort linge de maison 
 Soukra"
Kube ,Lac2,Kube  Lac2
"l'Air du Temps Richard 
",Sfax,"l'Air du Temps Richard 
 Sfax"
La joie ,Charles de Gaulle,La joie  Charles de Gaulle
La Rose Blanche ,Sousse,La Rose Blanche  Sousse
Labo Abir Belkhchine ,Ennasr,Labo Abir Belkhchine  Ennasr
Labo Farah ,Riadh Landalous,Labo Farah  Riadh Landalous
Labo Melki ,CUN,Labo Melki  CUN
Labo Skouri ,Cité Ezzouhour,Labo Skouri  Cité Ezzouhour
Laico ,Tunis,Laico  Tunis
Lake Tower ,Lac2,Lake Tower  Lac2
Le Golf ,Marsa,Le Golf  Marsa
Le Monde est Petit ,GP9,Le Monde est Petit  GP9
Le Monde est Petit  ,Jardin d'El Menzah,Le Monde est Petit   Jardin d'El Menzah
Le Sportif ,Soukra,Le Sportif  Soukra
Ligne roset ,Marsa,Ligne roset  Marsa
Little Asia ,GP9,Little Asia  GP9
Lord ,Soukra,Lord  Soukra
Love Yourself,Lac2,Love Yourself Lac2
Luxury Projects ,Soukra,Luxury Projects  Soukra
LV Prod ,Ben Arous,LV Prod  Ben Arous
M. Food & Drinks,Megrine,M. Food & Drinks Megrine
M&Co ,Megrine,M&Co  Megrine
Ma Cuisine ,Soukra,Ma Cuisine  Soukra
Machewi 5 Etoiles ,GP8,Machewi 5 Etoiles  GP8
Machewi 5 Etoiles ,Broj Twil,Machewi 5 Etoiles  Broj Twil
Machewi 5 Etoiles ,Cabalet Ben Ammar,Machewi 5 Etoiles  Cabalet Ben Ammar
Machewi 5 Etoiles ,Mnihla,Machewi 5 Etoiles  Mnihla
Magro ,Charguia,Magro  Charguia
Maison Arous ,Soukra,Maison Arous  Soukra
Maison Audi ,La Goulette,Maison Audi  La Goulette
Maison d'hote Neyra,Sidi Bou Said,Maison d'hote Neyra Sidi Bou Said
Maison Jasser ,Jardin Carthage,Maison Jasser  Jardin Carthage
Maison Karim,Jardins Carthage,Maison Karim Jardins Carthage
Maison Mariem,Chatt Mariem Sousse,Maison Mariem Chatt Mariem Sousse
Maison Mme Baabaa,Soukra,Maison Mme Baabaa Soukra
Maison Mme Dridi ,Soukra,Maison Mme Dridi  Soukra
Maison Mme Guermazi,Gammarth,Maison Mme Guermazi Gammarth
Maison Mme Mhiri,Lac2,Maison Mme Mhiri Lac2
Maison Mme Riahi,Gammarth,Maison Mme Riahi Gammarth
Maison Mr Ansi Cipalin,Jardin Carthage,Maison Mr Ansi Cipalin Jardin Carthage
Maison Porshe ,Kram,Maison Porshe  Kram
Maison Porshe ,La Goulette,Maison Porshe  La Goulette
Maison Volkswagen ,La Goulettte,Maison Volkswagen  La Goulettte
Maitre Bilel Tazeni ,Cité Olympique,Maitre Bilel Tazeni  Cité Olympique
Make up For Ever ,Ennasr,Make up For Ever  Ennasr
Mall of Sousse ,Sousse,Mall of Sousse  Sousse
Manar City ,Manar,Manar City  Manar
Marck Olivier ,Soukra,Marck Olivier  Soukra
Mariotte ,CUN,Mariotte  CUN
Med Chakroun ,Hammam Sousse,Med Chakroun  Hammam Sousse
Meuble Fekih ,Soukra,Meuble Fekih  Soukra
Meuble Karray ,Soukra,Meuble Karray  Soukra
Meubles Frikha,Kram,Meubles Frikha Kram
Mme Charfi,,Mme Charfi 
Mme Fatma ,Lac2,Mme Fatma  Lac2
Mme Kmar ,Jardin Carthage,Mme Kmar  Jardin Carthage
Mme Nabli ,Ennasr,Mme Nabli  Ennasr
Mme Neila,,Mme Neila 
Mon Coin ,Manar,Mon Coin  Manar
Mon Coin ,Menzah9,Mon Coin  Menzah9
Mosutache ,Menzah5,Mosutache  Menzah5
Mouradi Palace ,Sousse,Mouradi Palace  Sousse
Moustache,Menzah5,Moustache Menzah5
Movenpick ,Lac1,Movenpick  Lac1
Mr Mallouli ,,Mr Mallouli  
Multi Form ,Manouba,Multi Form  Manouba
"Natuzzi Italia Tunisie 
",Soukra,"Natuzzi Italia Tunisie 
 Soukra"
New ART Gallery ,Ariana,New ART Gallery  Ariana
Novasore,,Novasore 
Novotel ,Lac2,Novotel  Lac2
OACA ,Charguia,OACA  Charguia
Obioskin ,Menzah9,Obioskin  Menzah9
Oishi ,Soukra,Oishi  Soukra
Ola Energy ,Sfax EST,Ola Energy  Sfax EST
Ola Energy ,Sfax OUEST,Ola Energy  Sfax OUEST
Ooredoo,Charguia,Ooredoo Charguia
Ooredoo ,GP5,Ooredoo  GP5
Ooredoo ,Lac2,Ooredoo  Lac2
Ooredoo ,Sfax,Ooredoo  Sfax
Ooredoo DSC ,Charguia,Ooredoo DSC  Charguia
Optique Vision ,Jardin d'El Menzah,Optique Vision  Jardin d'El Menzah
Optivision,Jardin d'El Menzah,Optivision Jardin d'El Menzah
Optivision 7t,,Optivision 7t 
Oriflame ,Kram,Oriflame  Kram
Oriflame ,Lac3,Oriflame  Lac3
"Orna Farho Lac1 (Page134_04)
",,"Orna Farho Lac1 (Page134_04)
 "
Oxford Librairie,Ennasr,Oxford Librairie Ennasr
Padel ,Borj Louzir,Padel  Borj Louzir
Padel ,Soukra,Padel  Soukra
Padel Connection ,Ariana,Padel Connection  Ariana
Palma ,Soukra,Palma  Soukra
Paris-Tunis,Lac2,Paris-Tunis Lac2
Pezzoli ,Aouina,Pezzoli  Aouina
Pharmacie Abid ,Tunis,Pharmacie Abid  Tunis
Pharmacie Choeur,Sidi Hssine,Pharmacie Choeur Sidi Hssine
Pharmacie de Nuit Maher Guiga ,Bardo,Pharmacie de Nuit Maher Guiga  Bardo
Pharmacie Emna ABBES,Tunis,Pharmacie Emna ABBES Tunis
Pharmacie Jihen Ghedas ,Sousse,Pharmacie Jihen Ghedas  Sousse
Pharmacie Mariem Khemiri ,Fouchena,Pharmacie Mariem Khemiri  Fouchena
Pharmacie Neffousi ,Marsa,Pharmacie Neffousi  Marsa
Pharmacie Neffousi ,Gammarth,Pharmacie Neffousi  Gammarth
Pharmacie Sadri ,Lac2,Pharmacie Sadri  Lac2
Pharmacie Shabo ,Hammem Lif,Pharmacie Shabo  Hammem Lif
Pharmacie Tabka,,Pharmacie Tabka 
Pharmacie Victoria,Lac1,Pharmacie Victoria Lac1
Plac'Art,Soukra,Plac'Art Soukra
Plaza ,Marsa,Plaza  Marsa
Poliform ,Soukra,Poliform  Soukra
Poltown,Soukra,Poltown Soukra
Poly Lighting,GP9,Poly Lighting GP9
Poly Lighting Tunis ,Tunis GP9,Poly Lighting Tunis  Tunis GP9
Polyclinique Les Jasmins ,CUN,Polyclinique Les Jasmins  CUN
Power Space,Mourouj,Power Space Mourouj
Queen,Ennasr,Queen Ennasr
Radisson Blu ,Tunis ,Radisson Blu  Tunis 
Radisson Blu ,Sfax,Radisson Blu  Sfax
Red Castle ,Menzah5,Red Castle  Menzah5
Red Castle ,Aouina,Red Castle  Aouina
Renault ,Charguia,Renault  Charguia
Renault ,Montplaisir,Renault  Montplaisir
Renault Trucks,La Goulette,Renault Trucks La Goulette
Residence Khadija,Jardins Cathage,Residence Khadija Jardins Cathage
Restaurant BalBel,Marsa,Restaurant BalBel Marsa
Restaurant Bisou,Boumhal,Restaurant Bisou Boumhal
Retaurant Safran,Lac1,Retaurant Safran Lac1
Ridotti Soukra,Soukra,Ridotti Soukra Soukra
Rids ,Lac2,Rids  Lac2
"Rivoli Restaurant Café 
",Lac2,"Rivoli Restaurant Café 
 Lac2"
"Roche Bobois
",Soukra,"Roche Bobois
 Soukra"
Rooh El Medina ,Hammamet,Rooh El Medina  Hammamet
Ryme ,Montplaisir,Ryme  Montplaisir
S.I.S.E.S,Lac2,S.I.S.E.S Lac2
Saveurs de Carthage ,Jardin Carthage,Saveurs de Carthage  Jardin Carthage
SCPC ,Mnihla,SCPC  Mnihla
Seat ,Charguia,Seat  Charguia
Siceram ,Soukra,Siceram  Soukra
Sicream ,Sfax,Sicream  Sfax
Skybar ,Gammarth,Skybar  Gammarth
Slim Optic ,Lac1,Slim Optic  Lac1
SoDeco ,Aouina,SoDeco  Aouina
Sodeco ,GP9,Sodeco  GP9
Sogeplan ,Raoued,Sogeplan  Raoued
Soquibat ,Lac1,Soquibat  Lac1
SPA Mahassen ,Sfax,SPA Mahassen  Sfax
Spectra ,Kram,Spectra  Kram
Spectra ,Lac3,Spectra  Lac3
Squibat Group,Lac1,Squibat Group Lac1
SSTC,Lac1,SSTC Lac1
Stia Ben Arous,Ben Arous,Stia Ben Arous Ben Arous
STMI Ghazela,Ghazela,STMI Ghazela Ghazela
Strass Menzah5,Menzah5,Strass Menzah5 Menzah5
Sunset Lac1,Lac1,Sunset Lac1 Lac1
Sunset Padel,Borj Louzir,Sunset Padel Borj Louzir
Synagogue Tunis,Tunis,Synagogue Tunis Tunis
Table Espace ,Lac1,Table Espace  Lac1
Table Espace ,GP9,Table Espace  GP9
Table Espace ,Sousse,Table Espace  Sousse
Tavolino,Place Pasteur,Tavolino Place Pasteur
Tavolino,Lac2,Tavolino Lac2
TCA ,Tunis,TCA  Tunis
Terrazzino ,Ariana,Terrazzino  Ariana
The Blue ,Megrine,The Blue  Megrine
The Blue ,Megrine,The Blue  Megrine
The City ,Hammem Sousse,The City  Hammem Sousse
The Corner ,,The Corner  
Tiffany ,Menzah5,Tiffany  Menzah5
Timsoft Group,Lac1,Timsoft Group Lac1
Tony Nasr ,GP9,Tony Nasr  GP9
Tony Nasr ,Jardin d'El Menzah,Tony Nasr  Jardin d'El Menzah
Tuniscount ,Nabeul,Tuniscount  Nabeul
Tuniscount ,Soukra,Tuniscount  Soukra
Turquoise ,CUN,Turquoise  CUN
Villa Didon ,Carthage,Villa Didon  Carthage
Villa Misk ,Sidi Bou Said,Villa Misk  Sidi Bou Said
Violette ,Kram,Violette  Kram
VIP Zona ,Jardin Carthage,VIP Zona  Jardin Carthage
Vision Store ,Menzah4,Vision Store  Menzah4
Volkswagen SAV ,Charguia,Volkswagen SAV  Charguia
Volkswagen Showroom ,Charguia,Volkswagen Showroom  Charguia
Wael Optique ,Mateur,Wael Optique  Mateur
YCR Studio ,GP9,YCR Studio  GP9
Zahia ,Soukra,Zahia  Soukra
Zaia ,Soukra,Zaia  Soukra
Zara VIP ,Jardin Carthage,Zara VIP  Jardin Carthage
Zinia ,Aouina,Zinia  Aouina
Zitouna Bank ,Kram,Zitouna Bank  Kram
Zitouna Takaful ,Lac3,Zitouna Takaful  Lac3
Restaurant Sectel,Gammarth,Restaurant Sectel Gammarth
Cabinet Avocat Bilel Touzri,Cite Olympique ,Cabinet Avocat Bilel Touzri Cite Olympique 
Oriflame ,Lac1,Oriflame  Lac1
BFI Siege2,Lac1,BFI Siege2 Lac1
Hotel Manera ,Sidi Bou Said,Hotel Manera  Sidi Bou Said
BFI Siege1,Lac1,BFI Siege1 Lac1
Vero Food,Lac2,Vero Food Lac2
Cabinet Dr. Louati,Lac2,Cabinet Dr. Louati Lac2
Cafe Sophia,CUN,Cafe Sophia CUN
Restaurant Erable,Lac2,Restaurant Erable Lac2
L'Ocean Square,Manar,L'Ocean Square Manar
Meuble Kamoun,Soukra,Meuble Kamoun Soukra
The Corner,Cité El Khadra,The Corner Cité El Khadra
Tunis Center,Lac2,Tunis Center Lac2
Le Monde est Petit,Route La Marsa,Le Monde est Petit Route La Marsa
ALEXANDRIA BOUTIQUE,Lac2,ALEXANDRIA BOUTIQUE Lac2
Imen ABBES,Lafayette,Imen ABBES Lafayette
